{
  "count": 25350,
  "mean": 24.411882521838127,
  "median": 9.97781753540039,
  "std": 40.267617772519415,
  "min": 0.9655952453613281,
  "max": 285.01152992248535,
  "p50": 9.97781753540039,
  "p90": 78.01204919815063,
  "p95": 112.00904846191406,
  "p99": 194.00417804718018
}