{
  "count": 11100,
  "mean": 8.386122213827598,
  "median": 5.994737148284912,
  "std": 16.038011447238873,
  "min": 1.0058283805847168,
  "max": 182.98029899597168,
  "p50": 5.994737148284912,
  "p90": 11.989474296569824,
  "p95": 18.990039825439453,
  "p99": 64.9765133857727
}