{
  "count": 17600,
  "mean": 9.08193305473436,
  "median": 4.023313522338867,
  "std": 20.7730299053284,
  "min": 0.0,
  "max": 206.0338854789734,
  "p50": 4.023313522338867,
  "p90": 15.006959438323975,
  "p95": 24.984776973724365,
  "p99": 129.99366223812098
}