{
  "count": 12250,
  "mean": 7.39073497908456,
  "median": 4.988908767700195,
  "std": 15.485704185583018,
  "min": 0.0,
  "max": 159.96694564819336,
  "p50": 4.988908767700195,
  "p90": 10.983645915985107,
  "p95": 14.001131057739258,
  "p99": 102.5039702653887
}