{
  "count": 12300,
  "mean": 5.969337937308521,
  "median": 3.9830803871154785,
  "std": 12.661293669945717,
  "min": 0.0,
  "max": 175.01413822174072,
  "p50": 3.9830803871154785,
  "p90": 8.006393909454346,
  "p95": 11.989474296569824,
  "p99": 62.96525895595551
}