{
  "count": 23500,
  "mean": 17.973327953764734,
  "median": 5.029141902923584,
  "std": 38.09241098996087,
  "min": 0.9655952453613281,
  "max": 280.02262115478516,
  "p50": 5.029141902923584,
  "p90": 39.122700691225255,
  "p95": 92.97877550125122,
  "p99": 218.98895502090454
}