{
  "count": 23800,
  "mean": 16.62869457186771,
  "median": 5.029141902923584,
  "std": 35.159734891578175,
  "min": 0.9655952453613281,
  "max": 254.9976110458374,
  "p50": 5.029141902923584,
  "p90": 26.03083848953247,
  "p95": 93.98661553859708,
  "p99": 215.01553058624114
}