{
  "count": 17600,
  "mean": 11.146624403243715,
  "median": 4.988908767700195,
  "std": 23.29845817848932,
  "min": 0.9655952453613281,
  "max": 217.98312664031982,
  "p50": 4.988908767700195,
  "p90": 17.018616199493408,
  "p95": 40.99756479263306,
  "p99": 141.98273420333862
}