{
  "count": 23850,
  "mean": 27.628687755116875,
  "median": 8.006393909454346,
  "std": 50.096639720200024,
  "min": 1.0058283805847168,
  "max": 270.0045704841614,
  "p50": 8.006393909454346,
  "p90": 84.97238159179688,
  "p95": 140.01131057739258,
  "p99": 247.99704551696777
}