{
  "count": 24100,
  "mean": 18.823791836307258,
  "median": 5.994737148284912,
  "std": 37.81973680421454,
  "min": 0.9655952453613281,
  "max": 259.02092456817627,
  "p50": 5.994737148284912,
  "p90": 45.98647356033325,
  "p95": 94.02483701705933,
  "p99": 201.97033882141113
}