{
  "count": 23500,
  "mean": 22.684001478743046,
  "median": 8.971989154815674,
  "std": 37.39356027823387,
  "min": 1.0058283805847168,
  "max": 224.98369216918945,
  "p50": 8.971989154815674,
  "p90": 66.98817014694214,
  "p95": 102.07951068878104,
  "p99": 183.02053213119507
}