{
  "count": 11200,
  "mean": 8.927696783627782,
  "median": 5.994737148284912,
  "std": 14.614588872112316,
  "min": 0.9655952453613281,
  "max": 152.0007848739624,
  "p50": 5.994737148284912,
  "p90": 14.001131057739258,
  "p95": 19.030272960662842,
  "p99": 98.97351264953613
}