{
  "count": 23300,
  "mean": 19.974663789691842,
  "median": 5.029141902923584,
  "std": 43.255225336578484,
  "min": 1.0058283805847168,
  "max": 271.9759941101074,
  "p50": 5.029141902923584,
  "p90": 52.98703908920288,
  "p95": 107.02013969421387,
  "p99": 236.97316646575928
}