{
  "count": 24050,
  "mean": 21.06018268392884,
  "median": 8.006393909454346,
  "std": 35.194960410308845,
  "min": 0.9655952453613281,
  "max": 233.99591445922852,
  "p50": 8.006393909454346,
  "p90": 58.016180992126465,
  "p95": 104.00265455245972,
  "p99": 176.01996660232544
}