{
  "count": 11900,
  "mean": 8.424703563962664,
  "median": 4.988908767700195,
  "std": 18.211684015255543,
  "min": 0.9655952453613281,
  "max": 189.9808645248413,
  "p50": 4.988908767700195,
  "p90": 11.989474296569824,
  "p95": 16.97838306427002,
  "p99": 134.982168674469
}