{
  "count": 17100,
  "mean": 11.076906793995908,
  "median": 4.988908767700195,
  "std": 24.151860735533823,
  "min": 0.9655952453613281,
  "max": 206.99948072433472,
  "p50": 4.988908767700195,
  "p90": 16.01278781890869,
  "p95": 38.98590803146362,
  "p99": 156.02409839630127
}