{
  "count": 15650,
  "mean": 13.391207010982136,
  "median": 6.034970283508301,
  "std": 25.71573648664012,
  "min": 0.9655952453613281,
  "max": 229.00700569152832,
  "p50": 6.034970283508301,
  "p90": 20.12863755226169,
  "p95": 44.980645179748535,
  "p99": 157.99552202224731
}