{
  "count": 15500,
  "mean": 10.164076185995533,
  "median": 5.994737148284912,
  "std": 19.60028631708957,
  "min": 0.9655952453613281,
  "max": 199.9989151954651,
  "p50": 5.994737148284912,
  "p90": 16.01278781890869,
  "p95": 26.03083848953247,
  "p99": 136.99382543563843
}