{
  "count": 11300,
  "mean": 7.2603398455982715,
  "median": 5.029141902923584,
  "std": 11.113628833808752,
  "min": 1.0058283805847168,
  "max": 141.0171389579773,
  "p50": 5.029141902923584,
  "p90": 10.983645915985107,
  "p95": 15.006959438323975,
  "p99": 86.98403835296631
}