{
  "count": 15900,
  "mean": 13.45769779862098,
  "median": 5.994737148284912,
  "std": 26.996738194402297,
  "min": 0.9655952453613281,
  "max": 230.01283407211304,
  "p50": 5.994737148284912,
  "p90": 19.99586820602417,
  "p95": 56.9721311330795,
  "p99": 180.00304698944092
}