{
  "count": 12100,
  "mean": 6.05834540256784,
  "median": 4.023313522338867,
  "std": 11.747778479291787,
  "min": 0.9655952453613281,
  "max": 174.008309841156,
  "p50": 4.023313522338867,
  "p90": 8.006393909454346,
  "p95": 11.023879051208496,
  "p99": 75.00462234020254
}