{
  "count": 15800,
  "mean": 9.839708386342737,
  "median": 4.988908767700195,
  "std": 20.765579406143562,
  "min": 0.9655952453613281,
  "max": 194.00417804718018,
  "p50": 4.988908767700195,
  "p90": 15.006959438323975,
  "p95": 19.99586820602417,
  "p99": 133.97634029388428
}