{
  "count": 16400,
  "mean": 9.604949594997779,
  "median": 4.988908767700195,
  "std": 21.676426648339362,
  "min": 0.9655952453613281,
  "max": 240.99647998809814,
  "p50": 4.988908767700195,
  "p90": 14.001131057739258,
  "p95": 23.01335334777832,
  "p99": 126.9761770963669
}