{
  "count": 11200,
  "mean": 9.325983268874031,
  "median": 5.994737148284912,
  "std": 16.051555438758715,
  "min": 0.9655952453613281,
  "max": 168.97916793823242,
  "p50": 5.994737148284912,
  "p90": 14.966726303100586,
  "p95": 22.007524967193604,
  "p99": 89.01540935039563
}