{
  "count": 19950,
  "mean": 9.758729459647846,
  "median": 4.988908767700195,
  "std": 19.24673837313025,
  "min": 0.0,
  "max": 229.97260093688965,
  "p50": 4.988908767700195,
  "p90": 17.018616199493408,
  "p95": 24.019181728363037,
  "p99": 116.99795722961426
}